firstname,lastname,email,subject,messege


Jagseer Singh gill.jagsir@yahoo.in asdas asdsadas
Jagseer Singh gill.jagsir@yahoo.in "Test CA" "hELOO hOq "
    
Randy Singh gill.jagsir@yahoo.in sdfdsfs sfsdfssdfs
    
Jagseer Singh gill.jagsir@yahoo.in sfsdf asfsdf
Jagseer Singh gill.jagsir@yahoo.in Test "Heloo Tgere "
Jagseer Singh gill.jagsir@yahoo.in sdfsdsf sdfsdfdsfdsfds
    
    
Jagseer Singh gill.jagsir@yahoo.in Test "qwewq sfsdfd"
Jagseer Singh gill.jagsir@yahoo.in Test hjhhjjhj
Jagseer Singh gill.jagsir@yahoo.in sdfsfs sdfsfsdf
Jagseer Singh gill.jagsir@yahoo.in asdasd sdfsdfsfsdfdsfsf
Jagseer Singh gill.jagsir@yahoo.in sfsdfs ssfsdsd
Jagseer Singh gill.jagsir@yahoo.in sdfsdf sdfsdfsd
Jagseer Singh gill.jagsir@yahoo.in dsffsdfd sdfdsfdfds
    
    
    
    
Jagseer Singh gill.jagsir@yahoo.in hkh "mlljljl "
Jagseer Singh gill.jagsir@yahoo.in asds sdfsdfdsf
Jagseer Singh gill.jagsir@yahoo.in sdsds dsdsds
sdfsdf Singh gill.jagsir@yahoo.in sdfsdf sdfdsfsd
Jagseer Singh gill.jagsir@yahoo.in asdasd dfgdfgd
Jagseer Singh gill.jagsir@yahoo.in asdasd sdffsd
Jagseer Singh gill.jagsir@yahoo.in asdasd dgdfgdf
Jagseer Singh gill.jagsir@yahoo.in sdsdsd sdsdsds
Jagseer Singh gill.jagsir@yahoo.in asdasd sdfsd
Jagseer Singh gill.jagsir@yahoo.in dffgdf dfgdfgdf
Jagseer Singh gill.jagsir@yahoo.in xvxcxcv sfsdfds
Jagseer Singh gill.jagsir@yahoo.in asdasd zdsadas
Jagseer Singh gill.jagsir@yahoo.in werwer werewr
    
Jagseer Singh gill.jagsir@yahoo.in asdas asdasdas
